ÁFRICA;ANGOLA;LUANDA
ÁFRICA;ARGELIA;ARGEL
ÁFRICA;BENIN;PORTO-NOVO
ÁFRICA;BOTSUANA;GABERONES
ÁFRICA;BURKINA FASO;UAGADUGÚ
ÁFRICA;BURUNDI;BUYUMBURA
ÁFRICA;CABO VERDE;PRAIA
ÁFRICA;CAMERÚN;YAUNDÉ
ÁFRICA;REPÚBLICA CENTROAFRICANA;BANGUI
ÁFRICA;CHAD;YAMENA
ÁFRICA;COMORAS;MORONI
ÁFRICA;REPÚBLICA DEL CONGO;BRAZZAVILLE
ÁFRICA;REPÚBLICA DEMOCRÁTICA DEL CONGO;KINSHASA
ÁFRICA;COSTA DE MARFIL;YAMUSUKRO, ABIYÁN
ÁFRICA;EGIPTO;EL CAIRO
ÁFRICA;ERITREA;ASMARA
ÁFRICA;ETIOPÍA;ADÍS ABEBA
ÁFRICA;GABÓN;LIBREVILLE
ÁFRICA;GAMBIA;BANJUL
ÁFRICA;GHANA;ACCRA
ÁFRICA;GUINEA;CONAKRY
ÁFRICA;GUINEA-BISSAU;BISSAU
ÁFRICA;GUINEA ECUATORIAL;MALABO
ÁFRICA;KENIA;NAIROBI
ÁFRICA;LESOTO;MASERU
ÁFRICA;LIBERIA;MONROVIA
ÁFRICA;LIBIA;TRÍPOLI
ÁFRICA;MADAGASCAR;ANTANANARIVO
ÁFRICA;MALAUI;LILONGÜE
ÁFRICA;MALI;BAMAKO
ÁFRICA;MARRUECOS;RABAT
ÁFRICA;MAURICIO;PORT LOUIS
ÁFRICA;MAURITANIA;NUAKCHOT
ÁFRICA;MOZAMBIQUE;MAPUTO
ÁFRICA;NAMIBIA;WINDHOEK
ÁFRICA;NÍGER;NIAMEY
ÁFRICA;NIGERIA;ABUYA
ÁFRICA;REPÚBLICA SAHARAUI;EL AAIÚN
ÁFRICA;RUANDA;KIGALI
ÁFRICA;SANTO TOMÉ Y PRÍNCIPE;SANTO TOMÉ
ÁFRICA;SENEGAL;DAKAR
ÁFRICA;SEYCHELLES;VICTORIA
ÁFRICA;SIERRA LEONA;FREETOWN
ÁFRICA;SOMALIA;MOGADISCIO
ÁFRICA;SUAZILANDIA;MBABANE
ÁFRICA;SUDÁFRICA;PRETORIA, CIUDAD DEL CABO, BLOEMFONTEIN
ÁFRICA;SUDÁN DEL NORTE;JARTUM
ÁFRICA;SUDÁN DEL SUR;YUBA
ÁFRICA;TANZANIA;DODOMA
ÁFRICA;TOGO;LOMÉ
ÁFRICA;TÚNEZ;TÚNEZ
ÁFRICA;UGANDA;KAMPALA
ÁFRICA;YIBUTI;YIBUTI
ÁFRICA;ZAMBIA;LUSAKA
ÁFRICA;ZIMBABUE;HARARE
AMÉRICA;ANTIGUA Y BARBUDA;SAINT JOHN'S
AMÉRICA;ARGENTINA;BUENOS AIRES
AMÉRICA;BAHAMAS;NASSAU
AMÉRICA;BARBADOS;BRIDGETOWN
AMÉRICA;BELICE;BELMOPÁN
AMÉRICA;BOLIVIA;SUCRE, LA PAZ
AMÉRICA;BRASIL;BRASILIA
AMÉRICA;CANADÁ;OTTAWA
AMÉRICA;CHILE;SANTIAGO DE CHILE
AMÉRICA;COLOMBIA;BOGOTÁ
AMÉRICA;COSTA RICA;SAN JOSÉ
AMÉRICA;CUBA;LA HABANA
AMÉRICA;DOMINICA;ROSEAU
AMÉRICA;REPÚBLICA DOMINICANA;SANTO DOMINGO
AMÉRICA;ECUADOR;QUITO
AMÉRICA;EL SALVADOR;SAN SALVADOR
AMÉRICA;ESTADOS UNIDOS;WASHINGTON D. C.
AMÉRICA;GRANADA;SAINT GEORGE'S
AMÉRICA;GUATEMALA;CIUDAD DE GUATEMALA
AMÉRICA;GUYANA;GEORGETOWN
AMÉRICA;HAITÍ;PUERTO PRÍNCIPE
AMÉRICA;HONDURAS;TEGUCIGALPA
AMÉRICA;JAMAICA;KINGSTON
AMÉRICA;MÉXICO;MÉXICO D. F.
AMÉRICA;NICARAGUA;MANAGUA
AMÉRICA;PANAMÁ;CIUDAD DE PANAMÁ
AMÉRICA;PARAGUAY;ASUNCIÓN
AMÉRICA;PERÚ;LIMA
AMÉRICA;PUERTO RICO;SAN JUAN
AMÉRICA;SAN CRISTÓBAL Y NIEVES;BASSETERRE
AMÉRICA;SANTA LUCÍA;CASTRIES
AMÉRICA;SAN VICENTE Y LAS GRANADINAS;KINGSTOWN
AMÉRICA;SURINAM;PARAMARIBO
AMÉRICA;TRINIDAD Y TOBAGO;PUERTO ESPAÑA
AMÉRICA;URUGUAY;MONTEVIDEO
AMÉRICA;VENEZUELA;CARACAS
ASIA;AFGANISTÁN;KABUL
ASIA;ARABIA SAUDITA;RIAD
ASIA;BARÉIN;MANAMÁ
ASIA;BANGLADÉS;DACA
ASIA;BRUNEI;BANDAR SERI BEGAWAN
ASIA;BUTÁN;TIMBU
ASIA;CAMBOYA;PNON PEHN
ASIA;CATAR;DOHA
ASIA;CHINA;PEKÍN
ASIA;CHIPRE;NICOSIA
ASIA;COREA DEL NORTE;PYONGYANG
ASIA;COREA DEL SUR;SEÚL
ASIA;EMIRATOS ARABES UNIDOS;ABU DABI
ASIA;FILIPINAS;MANILA
ASIA;INDIA;NUEVA DELHI
ASIA;INDONESIA;YAKARTA
ASIA;IRÁN;TEHERÁN
ASIA;IRAQ;BAGDAD
ASIA;ISRAEL;JERUSALÉN
ASIA;JAPÓN;TOKIO
ASIA;JORDANIA;AMMÁN
ASIA;KAZAJISTÁN;ASTANÁ
ASIA;KIRGUISTÁN;BISKEK
ASIA;KUWAIT;CIUDAD DE KUWAIT
ASIA;LAOS;VIENTIÁN
ASIA;LÍBANO;BEIRUT
ASIA;MALASIA;KUALA LUMPUR
ASIA;MALDIVAS;MALÉ
ASIA;MONGOLIA;ULAN BATOR
ASIA;MYANMAR (BIRMANIA);NAYPYIDAW
ASIA;NEPAL;KATMANDÚ
ASIA;OMÁN;MASCATE
ASIA;PAKISTÁN;ISLAMABAD
ASIA;PALESTINA;RAMALA
ASIA;SINGAPUR;SINGAPUR
ASIA;SIRIA;DAMASCO
ASIA;SRI LANKA;COLOMBO
ASIA;TAILANDIA;BANGKOK
ASIA;TAIWAN;TAIPEH
ASIA;TAYIKISTÁN;DUSAMBÉ
ASIA;TIMOR ORIENTAL;DILI
ASIA;TURKMENISTÁN;ASJABAD
ASIA;TURQUÍA;ANKARA
ASIA;UZBEKISTÁN;TASHKENT
ASIA;VIETNAM;HANOI
ASIA;YEMEN;SANÁ
EUROPA;ALBANIA;TIRANA
EUROPA;ALEMANIA;BERLÍN
EUROPA;ANDORRA;ANDORRA LA VIEJA
EUROPA;ARMENIA;EREVÁN
EUROPA;AUSTRIA;VIENA
EUROPA;AZERBAIYÁN;BAKÚ
EUROPA;BÉLGICA;BRUSELAS
EUROPA;BIELORRUSIA;MINSK
EUROPA;BOSNIA Y HERZEGOVINA;SARAJEVO
EUROPA;BULGARIA;SOFÍA
EUROPA;REPÚBLICA CHECA;PRAGA
EUROPA;CROACIA;ZAGREB
EUROPA;DINAMARCA;COPENHAGUE
EUROPA;ESLOVAQUIA;BRATISLAVA
EUROPA;ESLOVENIA;LUBLIJANA
EUROPA;ESPAÑA;MADRID
EUROPA;ESTONIA;TALLÍN
EUROPA;FINLANDIA;HELSINKI
EUROPA;FRANCIA;PARÍS
EUROPA;GEORGIA;TIFLIS
EUROPA;GRECIA;ATENAS
EUROPA;HUNGRÍA;BUDAPEST
EUROPA;IRLANDA;DUBLÍN
EUROPA;ISLANDIA;REIKIAVIK
EUROPA;ITALIA;ROMA
EUROPA;LETONIA;RIGA
EUROPA;LIECHTENSTEIN;VADUZ
EUROPA;LITUANIA;VILNA
EUROPA;LUXEMBURGO;LUXEMBURGO
EUROPA;REPÚBLICA DE MACEDONIA;SKOPJE
EUROPA;MALTA;LA VALETA
EUROPA;MOLDAVIA;CHISINAU
EUROPA;MÓNACO;MÓNACO
EUROPA;MONTENEGRO;PODGORICA
EUROPA;NORUEGA;OSLO
EUROPA;PAÍSES BAJOS;AMSTERDAM
EUROPA;POLONIA;VARSOVIA
EUROPA;PORTUGAL;LISBOA
EUROPA;REINO UNIDO;LONDRES
EUROPA;RUMANIA;BUCAREST
EUROPA;RUSIA;MOSCÚ
EUROPA;SAN MARINO;CIUDAD DE SAN MARINO
EUROPA;SERBIA;BELGRADO
EUROPA;SUECIA;ESTOCOLMO
EUROPA;SUIZA;BERNA
EUROPA;UCRANIA;KIEV
EUROPA;VATICANO;CIUDAD DEL VATICANO
OCEANÍA;AUSTRALIA;CANBERRA
OCEANÍA;FIYI;SUVA
OCEANÍA;KIRIBATI;TARAWA
OCEANÍA;ISLAS MARSHALL;MAJURO
OCEANÍA;MICRONESIA;PALIKIR
OCEANÍA;NAURU;YAREN
OCEANÍA;NUEVA ZELANDA;WELLINGTON
OCEANÍA;PALAOS;MELEKEOK
OCEANÍA;PAPÚA NUEVA GUINEA;PORT MORESBY
OCEANÍA;ISLAS SALOMÓN;HONIARA
OCEANÍA;SAMOA;APIA
OCEANÍA;TONGA;NUKU'ALOFA
OCEANÍA;TUVALU;FUNAFUTI
OCEANÍA;VANUATU;PORT VILA
